{"ingraph": [2.3077309131622314, 2.8080849647521973, 2.6287059783935547, 2.258171796798706, 2.0531468391418457, 2.0571770668029785], "pymetric": [], "pycocotools": [0.22237086296081543, 0.2129499912261963, 0.21036005020141602, 0.20047712326049805, 0.21181964874267578, 0.21090388298034668]}