{"ingraph-v1": [2.354443073272705, 2.795579195022583, 2.903317928314209, 2.3755109310150146, 2.2278878688812256, 2.1630420684814453], "pymetric-v1": [8.78373408317566, 8.86743712425232, 8.779042959213257, 8.804046869277954, 8.710054159164429, 8.712953805923462]}