{"ingraph": [2.4004008769989014, 2.8063559532165527, 2.862562894821167, 2.3415510654449463, 2.217550039291382, 2.3059661388397217], "pycocotools": [0.22237086296081543, 0.2129499912261963, 0.21036005020141602, 0.20047712326049805, 0.21181964874267578, 0.21090388298034668]}