{"ingraph-v1": [2.354443073272705, 2.795579195022583, 2.903317928314209, 2.3755109310150146, 2.2278878688812256, 2.1630420684814453], "pymetric-v1": [8.78373408317566, 8.86743712425232, 8.779042959213257, 8.804046869277954, 8.710054159164429, 8.712953805923462], "ingraph-v2": [2.355520009994507, 2.751939058303833, 2.823352098464966, 2.311354875564575, 2.161552906036377, 2.156510829925537], "pymetric-v2": [8.617450952529907, 8.701724290847778, 8.629680156707764, 8.64037299156189, 8.654011964797974, 8.656005144119263]}