{"ingraph-v1": [2.4000608921051025, 2.829000949859619, 2.8419620990753174, 2.317180871963501, 2.16576886177063, 2.1928088665008545], "pymetric-v1": [8.680949926376343, 8.697502851486206, 8.62977409362793, 8.616086959838867, 8.759264945983887, 8.710373163223267]}