{"ingraph": [2.3767364025115967, 2.8448500633239746, 2.7934889793395996, 2.3674187660217285, 2.1687259674072266, 2.159945011138916], "pymetric": [8.487649917602539, 8.65183687210083, 8.596921920776367, 8.664814949035645, 8.664623260498047, 8.417167901992798], "pycocotools": [0.22237086296081543, 0.2129499912261963, 0.21036005020141602, 0.20047712326049805, 0.21181964874267578, 0.21090388298034668]}