{"ingraph": [2.284364938735962, 2.662184953689575, 2.6068289279937744, 2.154723882675171, 2.0953290462493896, 2.062039852142334], "pycocotools": [0.22237086296081543, 0.2129499912261963, 0.21036005020141602, 0.20047712326049805, 0.21181964874267578, 0.21090388298034668]}
